{
	"format_version": "1.12.0",
	"minecraft:geometry": [
		{
			"description": {
				"identifier": "geometry.runicstone",
				"texture_width": 64,
				"texture_height": 64,
				"visible_bounds_width": 4,
				"visible_bounds_height": 2.5,
				"visible_bounds_offset": [0, 0.75, 0]
			},
			"bones": [
				{
					"name": "bb_main",
					"pivot": [0, 0, 0],
					"cubes": [
						{
							"origin": [-15.5, 0.5, 0.5],
							"size": [15, 15, 15],
							"uv": {
								"north": {"uv": [16, 10], "uv_size": [32, 32]},
								"east": {"uv": [16, 10], "uv_size": [32, 32]},
								"south": {"uv": [16, 10], "uv_size": [32, 32]},
								"west": {"uv": [16, 10], "uv_size": [32, 32]},
								"up": {"uv": [16, 10], "uv_size": [32, 32]},
								"down": {"uv": [16, 42], "uv_size": [32, -32]}
							}
						}
					]
				},
				{
					"name": "frame",
					"pivot": [0, 0, 0],
					"cubes": [
						{
							"origin": [-16, 0, 0],
							"size": [16, 1, 1],
							"uv": {
								"north": {"uv": [0, 0], "uv_size": [64, 4]},
								"east": {"uv": [0, 0], "uv_size": [2, 3]},
								"south": {"uv": [0, 0], "uv_size": [64, 4]},
								"west": {"uv": [0, 0], "uv_size": [3, 3]},
								"up": {"uv": [0, 0], "uv_size": [64, 4]},
								"down": {"uv": [0, 4], "uv_size": [64, -4]}
							}
						},
						{
							"origin": [-16, 15, 0],
							"size": [16, 1, 1],
							"uv": {
								"north": {"uv": [0, 0], "uv_size": [64, 4]},
								"east": {"uv": [0, 0], "uv_size": [2, 3]},
								"south": {"uv": [0, 0], "uv_size": [64, 4]},
								"west": {"uv": [0, 0], "uv_size": [3, 3]},
								"up": {"uv": [0, 0], "uv_size": [64, 4]},
								"down": {"uv": [0, 4], "uv_size": [64, -4]}
							}
						},
						{
							"origin": [-16, 15, 15],
							"size": [16, 1, 1],
							"uv": {
								"north": {"uv": [0, 0], "uv_size": [64, 4]},
								"east": {"uv": [0, 0], "uv_size": [2, 3]},
								"south": {"uv": [0, 0], "uv_size": [64, 4]},
								"west": {"uv": [0, 0], "uv_size": [3, 3]},
								"up": {"uv": [0, 0], "uv_size": [64, 4]},
								"down": {"uv": [0, 4], "uv_size": [64, -4]}
							}
						},
						{
							"origin": [-16, 0, 15],
							"size": [16, 1, 1],
							"uv": {
								"north": {"uv": [0, 0], "uv_size": [64, 4]},
								"east": {"uv": [0, 0], "uv_size": [2, 3]},
								"south": {"uv": [0, 0], "uv_size": [64, 4]},
								"west": {"uv": [0, 0], "uv_size": [3, 3]},
								"up": {"uv": [0, 0], "uv_size": [64, 4]},
								"down": {"uv": [0, 4], "uv_size": [64, -4]}
							}
						},
						{
							"origin": [-1, 0, 0],
							"size": [1, 16, 1],
							"uv": {
								"north": {"uv": [0, 0], "uv_size": [4, 64]},
								"east": {"uv": [0, 0], "uv_size": [4, 64]},
								"south": {"uv": [0, 0], "uv_size": [4, 64]},
								"west": {"uv": [0, 0], "uv_size": [4, 64]},
								"up": {"uv": [1, 1], "uv_size": [-1, -1]},
								"down": {"uv": [1, 1], "uv_size": [-1, -1]}
							}
						},
						{
							"origin": [-16, 0, 0],
							"size": [1, 16, 1],
							"uv": {
								"north": {"uv": [0, 0], "uv_size": [4, 64]},
								"east": {"uv": [0, 0], "uv_size": [4, 64]},
								"south": {"uv": [0, 0], "uv_size": [4, 64]},
								"west": {"uv": [0, 0], "uv_size": [4, 64]},
								"up": {"uv": [1, 1], "uv_size": [-1, -1]},
								"down": {"uv": [1, 1], "uv_size": [-1, -1]}
							}
						},
						{
							"origin": [-16, 0, 15],
							"size": [1, 16, 1],
							"uv": {
								"north": {"uv": [0, 0], "uv_size": [4, 64]},
								"east": {"uv": [0, 0], "uv_size": [4, 64]},
								"south": {"uv": [0, 0], "uv_size": [4, 64]},
								"west": {"uv": [0, 0], "uv_size": [4, 64]},
								"up": {"uv": [1, 1], "uv_size": [-1, -1]},
								"down": {"uv": [1, 1], "uv_size": [-1, -1]}
							}
						},
						{
							"origin": [-1, 0, 15],
							"size": [1, 16, 1],
							"uv": {
								"north": {"uv": [0, 0], "uv_size": [4, 64]},
								"east": {"uv": [0, 0], "uv_size": [4, 64]},
								"south": {"uv": [0, 0], "uv_size": [4, 64]},
								"west": {"uv": [0, 0], "uv_size": [4, 64]},
								"up": {"uv": [1, 1], "uv_size": [-1, -1]},
								"down": {"uv": [1, 1], "uv_size": [-1, -1]}
							}
						},
						{
							"origin": [-1, 0, 0],
							"size": [1, 1, 16],
							"uv": {
								"north": {"uv": [0, 0], "uv_size": [1, 1]},
								"east": {"uv": [0, 0], "uv_size": [64, 4]},
								"south": {"uv": [0, 0], "uv_size": [1, 1]},
								"west": {"uv": [0, 0], "uv_size": [64, 4]},
								"up": {"uv": [4, 64], "uv_size": [-4, -64]},
								"down": {"uv": [4, 64], "uv_size": [-4, -64]}
							}
						},
						{
							"origin": [-1, 15, 0],
							"size": [1, 1, 16],
							"uv": {
								"north": {"uv": [0, 0], "uv_size": [1, 1]},
								"east": {"uv": [0, 0], "uv_size": [64, 4]},
								"south": {"uv": [0, 0], "uv_size": [1, 1]},
								"west": {"uv": [0, 0], "uv_size": [64, 4]},
								"up": {"uv": [4, 64], "uv_size": [-4, -64]},
								"down": {"uv": [4, 64], "uv_size": [-4, -64]}
							}
						},
						{
							"origin": [-16, 15, 0],
							"size": [1, 1, 16],
							"uv": {
								"north": {"uv": [0, 0], "uv_size": [1, 1]},
								"east": {"uv": [0, 0], "uv_size": [64, 4]},
								"south": {"uv": [0, 0], "uv_size": [1, 1]},
								"west": {"uv": [0, 0], "uv_size": [64, 4]},
								"up": {"uv": [4, 64], "uv_size": [-4, -64]},
								"down": {"uv": [4, 64], "uv_size": [-4, -64]}
							}
						},
						{
							"origin": [-16, 0, 0],
							"size": [1, 1, 16],
							"uv": {
								"north": {"uv": [0, 0], "uv_size": [1, 1]},
								"east": {"uv": [0, 0], "uv_size": [64, 4]},
								"south": {"uv": [0, 0], "uv_size": [1, 1]},
								"west": {"uv": [0, 0], "uv_size": [64, 4]},
								"up": {"uv": [4, 64], "uv_size": [-4, -64]},
								"down": {"uv": [4, 64], "uv_size": [-4, -64]}
							}
						},
						{
							"origin": [-16, 1, 1],
							"size": [16, 2, 1],
							"uv": {
								"north": {"uv": [10, 0], "uv_size": [12, 2]},
								"east": {"uv": [48, 4], "uv_size": [-19, -4]},
								"south": {"uv": [12, 0], "uv_size": [4, 2]},
								"west": {"uv": [40, 0], "uv_size": [-25, 2]},
								"up": {"uv": [16, 3], "uv_size": [-4, -3]},
								"down": {"uv": [18, 3], "uv_size": [-6, -3]}
							}
						},
						{
							"origin": [-16, 13, 1],
							"size": [16, 2, 1],
							"uv": {
								"north": {"uv": [10, 0], "uv_size": [12, 2]},
								"east": {"uv": [48, 4], "uv_size": [-19, -4]},
								"south": {"uv": [12, 0], "uv_size": [4, 2]},
								"west": {"uv": [40, 0], "uv_size": [-25, 2]},
								"up": {"uv": [16, 3], "uv_size": [-4, -3]},
								"down": {"uv": [18, 3], "uv_size": [-6, -3]}
							}
						},
						{
							"origin": [-16, 13, 14],
							"size": [16, 2, 1],
							"uv": {
								"north": {"uv": [10, 0], "uv_size": [12, 2]},
								"east": {"uv": [48, 4], "uv_size": [-19, -4]},
								"south": {"uv": [12, 0], "uv_size": [4, 2]},
								"west": {"uv": [40, 0], "uv_size": [-25, 2]},
								"up": {"uv": [16, 3], "uv_size": [-4, -3]},
								"down": {"uv": [18, 3], "uv_size": [-6, -3]}
							}
						},
						{
							"origin": [-16, 1, 14],
							"size": [16, 2, 1],
							"uv": {
								"north": {"uv": [10, 0], "uv_size": [12, 2]},
								"east": {"uv": [48, 4], "uv_size": [-19, -4]},
								"south": {"uv": [12, 0], "uv_size": [4, 2]},
								"west": {"uv": [40, 0], "uv_size": [-25, 2]},
								"up": {"uv": [16, 3], "uv_size": [-4, -3]},
								"down": {"uv": [18, 3], "uv_size": [-6, -3]}
							}
						},
						{
							"origin": [-2, 1, 0],
							"size": [1, 2, 16],
							"uv": {
								"north": {"uv": [10, 0], "uv_size": [12, 2]},
								"east": {"uv": [48, 4], "uv_size": [-19, -4]},
								"south": {"uv": [12, 0], "uv_size": [4, 2]},
								"west": {"uv": [40, 0], "uv_size": [-25, 2]},
								"up": {"uv": [16, 3], "uv_size": [-4, -3]},
								"down": {"uv": [18, 3], "uv_size": [-6, -3]}
							}
						},
						{
							"origin": [-2, 13, 0],
							"size": [1, 2, 16],
							"uv": {
								"north": {"uv": [10, 0], "uv_size": [12, 2]},
								"east": {"uv": [48, 4], "uv_size": [-19, -4]},
								"south": {"uv": [12, 0], "uv_size": [4, 2]},
								"west": {"uv": [40, 0], "uv_size": [-25, 2]},
								"up": {"uv": [16, 3], "uv_size": [-4, -3]},
								"down": {"uv": [18, 3], "uv_size": [-6, -3]}
							}
						},
						{
							"origin": [-15, 13, 0],
							"size": [1, 2, 16],
							"uv": {
								"north": {"uv": [10, 0], "uv_size": [12, 2]},
								"east": {"uv": [48, 4], "uv_size": [-19, -4]},
								"south": {"uv": [12, 0], "uv_size": [4, 2]},
								"west": {"uv": [40, 0], "uv_size": [-25, 2]},
								"up": {"uv": [16, 3], "uv_size": [-4, -3]},
								"down": {"uv": [18, 3], "uv_size": [-6, -3]}
							}
						},
						{
							"origin": [-15, 1, 0],
							"size": [1, 2, 16],
							"uv": {
								"north": {"uv": [10, 0], "uv_size": [12, 2]},
								"east": {"uv": [48, 4], "uv_size": [-19, -4]},
								"south": {"uv": [12, 0], "uv_size": [4, 2]},
								"west": {"uv": [40, 0], "uv_size": [-25, 2]},
								"up": {"uv": [16, 3], "uv_size": [-4, -3]},
								"down": {"uv": [18, 3], "uv_size": [-6, -3]}
							}
						},
						{
							"origin": [-15, 0, 1],
							"size": [1, 16, 2],
							"uv": {
								"north": {"uv": [10, 0], "uv_size": [12, 2]},
								"east": {"uv": [48, 4], "uv_size": [-19, -4]},
								"south": {"uv": [12, 0], "uv_size": [4, 2]},
								"west": {"uv": [40, 0], "uv_size": [-25, 2]},
								"up": {"uv": [16, 3], "uv_size": [-4, -3]},
								"down": {"uv": [18, 3], "uv_size": [-6, -3]}
							}
						},
						{
							"origin": [-2, 0, 1],
							"size": [1, 16, 2],
							"uv": {
								"north": {"uv": [10, 0], "uv_size": [12, 2]},
								"east": {"uv": [48, 4], "uv_size": [-19, -4]},
								"south": {"uv": [12, 0], "uv_size": [4, 2]},
								"west": {"uv": [40, 0], "uv_size": [-25, 2]},
								"up": {"uv": [16, 3], "uv_size": [-4, -3]},
								"down": {"uv": [18, 3], "uv_size": [-6, -3]}
							}
						},
						{
							"origin": [-2, 0, 13],
							"size": [1, 16, 2],
							"uv": {
								"north": {"uv": [10, 0], "uv_size": [12, 2]},
								"east": {"uv": [48, 4], "uv_size": [-19, -4]},
								"south": {"uv": [12, 0], "uv_size": [4, 2]},
								"west": {"uv": [40, 0], "uv_size": [-25, 2]},
								"up": {"uv": [16, 3], "uv_size": [-4, -3]},
								"down": {"uv": [18, 3], "uv_size": [-6, -3]}
							}
						},
						{
							"origin": [-15, 0, 13],
							"size": [1, 16, 2],
							"uv": {
								"north": {"uv": [10, 0], "uv_size": [12, 2]},
								"east": {"uv": [48, 4], "uv_size": [-19, -4]},
								"south": {"uv": [12, 0], "uv_size": [4, 2]},
								"west": {"uv": [40, 0], "uv_size": [-25, 2]},
								"up": {"uv": [16, 3], "uv_size": [-4, -3]},
								"down": {"uv": [18, 3], "uv_size": [-6, -3]}
							}
						},
						{
							"origin": [-15, 0, 14],
							"size": [2, 16, 1],
							"uv": {
								"north": {"uv": [10, 0], "uv_size": [12, 2]},
								"east": {"uv": [48, 4], "uv_size": [-19, -4]},
								"south": {"uv": [12, 0], "uv_size": [4, 2]},
								"west": {"uv": [40, 0], "uv_size": [-25, 2]},
								"up": {"uv": [16, 3], "uv_size": [-4, -3]},
								"down": {"uv": [18, 3], "uv_size": [-6, -3]}
							}
						},
						{
							"origin": [-3, 0, 14],
							"size": [2, 16, 1],
							"uv": {
								"north": {"uv": [10, 0], "uv_size": [12, 2]},
								"east": {"uv": [48, 4], "uv_size": [-19, -4]},
								"south": {"uv": [12, 0], "uv_size": [4, 2]},
								"west": {"uv": [40, 0], "uv_size": [-25, 2]},
								"up": {"uv": [16, 3], "uv_size": [-4, -3]},
								"down": {"uv": [18, 3], "uv_size": [-6, -3]}
							}
						},
						{
							"origin": [-3, 0, 1],
							"size": [2, 16, 1],
							"uv": {
								"north": {"uv": [10, 0], "uv_size": [12, 2]},
								"east": {"uv": [48, 4], "uv_size": [-19, -4]},
								"south": {"uv": [12, 0], "uv_size": [4, 2]},
								"west": {"uv": [40, 0], "uv_size": [-25, 2]},
								"up": {"uv": [16, 3], "uv_size": [-4, -3]},
								"down": {"uv": [18, 3], "uv_size": [-6, -3]}
							}
						},
						{
							"origin": [-15, 0, 1],
							"size": [2, 16, 1],
							"uv": {
								"north": {"uv": [10, 0], "uv_size": [12, 2]},
								"east": {"uv": [48, 4], "uv_size": [-19, -4]},
								"south": {"uv": [12, 0], "uv_size": [4, 2]},
								"west": {"uv": [40, 0], "uv_size": [-25, 2]},
								"up": {"uv": [16, 3], "uv_size": [-4, -3]},
								"down": {"uv": [18, 3], "uv_size": [-6, -3]}
							}
						},
						{
							"origin": [-16, 1, 1],
							"size": [16, 1, 2],
							"uv": {
								"north": {"uv": [10, 0], "uv_size": [12, 2]},
								"east": {"uv": [48, 4], "uv_size": [-19, -4]},
								"south": {"uv": [12, 0], "uv_size": [4, 2]},
								"west": {"uv": [40, 0], "uv_size": [-25, 2]},
								"up": {"uv": [16, 3], "uv_size": [-4, -3]},
								"down": {"uv": [18, 3], "uv_size": [-6, -3]}
							}
						},
						{
							"origin": [-16, 1, 13],
							"size": [16, 1, 2],
							"uv": {
								"north": {"uv": [10, 0], "uv_size": [12, 2]},
								"east": {"uv": [48, 4], "uv_size": [-19, -4]},
								"south": {"uv": [12, 0], "uv_size": [4, 2]},
								"west": {"uv": [40, 0], "uv_size": [-25, 2]},
								"up": {"uv": [16, 3], "uv_size": [-4, -3]},
								"down": {"uv": [18, 3], "uv_size": [-6, -3]}
							}
						},
						{
							"origin": [-16, 14, 13],
							"size": [16, 1, 2],
							"uv": {
								"north": {"uv": [10, 0], "uv_size": [12, 2]},
								"east": {"uv": [48, 4], "uv_size": [-19, -4]},
								"south": {"uv": [12, 0], "uv_size": [4, 2]},
								"west": {"uv": [40, 0], "uv_size": [-25, 2]},
								"up": {"uv": [16, 3], "uv_size": [-4, -3]},
								"down": {"uv": [18, 3], "uv_size": [-6, -3]}
							}
						},
						{
							"origin": [-16, 14, 1],
							"size": [16, 1, 2],
							"uv": {
								"north": {"uv": [10, 0], "uv_size": [12, 2]},
								"east": {"uv": [48, 4], "uv_size": [-19, -4]},
								"south": {"uv": [12, 0], "uv_size": [4, 2]},
								"west": {"uv": [40, 0], "uv_size": [-25, 2]},
								"up": {"uv": [16, 3], "uv_size": [-4, -3]},
								"down": {"uv": [18, 3], "uv_size": [-6, -3]}
							}
						},
						{
							"origin": [-3, 14, 0],
							"size": [2, 1, 16],
							"uv": {
								"north": {"uv": [10, 0], "uv_size": [12, 2]},
								"east": {"uv": [48, 4], "uv_size": [-19, -4]},
								"south": {"uv": [12, 0], "uv_size": [4, 2]},
								"west": {"uv": [40, 0], "uv_size": [-25, 2]},
								"up": {"uv": [16, 3], "uv_size": [-4, -3]},
								"down": {"uv": [18, 3], "uv_size": [-6, -3]}
							}
						},
						{
							"origin": [-15, 14, 0],
							"size": [2, 1, 16],
							"uv": {
								"north": {"uv": [10, 0], "uv_size": [12, 2]},
								"east": {"uv": [48, 4], "uv_size": [-19, -4]},
								"south": {"uv": [12, 0], "uv_size": [4, 2]},
								"west": {"uv": [40, 0], "uv_size": [-25, 2]},
								"up": {"uv": [16, 3], "uv_size": [-4, -3]},
								"down": {"uv": [18, 3], "uv_size": [-6, -3]}
							}
						},
						{
							"origin": [-15, 1, 0],
							"size": [2, 1, 16],
							"uv": {
								"north": {"uv": [10, 0], "uv_size": [12, 2]},
								"east": {"uv": [48, 4], "uv_size": [-19, -4]},
								"south": {"uv": [12, 0], "uv_size": [4, 2]},
								"west": {"uv": [40, 0], "uv_size": [-25, 2]},
								"up": {"uv": [16, 3], "uv_size": [-4, -3]},
								"down": {"uv": [18, 3], "uv_size": [-6, -3]}
							}
						},
						{
							"origin": [-3, 1, 0],
							"size": [2, 1, 16],
							"uv": {
								"north": {"uv": [10, 0], "uv_size": [12, 2]},
								"east": {"uv": [48, 4], "uv_size": [-19, -4]},
								"south": {"uv": [12, 0], "uv_size": [4, 2]},
								"west": {"uv": [40, 0], "uv_size": [-25, 2]},
								"up": {"uv": [16, 3], "uv_size": [-4, -3]},
								"down": {"uv": [18, 3], "uv_size": [-6, -3]}
							}
						}
					]
				},
				{
					"name": "bone",
					"pivot": [0, 8, 8],
					"cubes": [
						{
							"origin": [0, 3, 3],
							"size": [0, 10, 10],
							"uv": {
								"north": {"uv": [0, 0], "uv_size": [0, 10]},
								"east": {"uv": [30, 52], "uv_size": [10, 10]},
								"south": {"uv": [0, 0], "uv_size": [0, 10]},
								"west": {"uv": [44, 44], "uv_size": [20, 20]},
								"up": {"uv": [0, 10], "uv_size": [0, -10]},
								"down": {"uv": [0, 10], "uv_size": [0, -10]}
							}
						}
					]
				},
				{
					"name": "bone2",
					"pivot": [-8, 8, 0],
					"cubes": [
						{
							"origin": [-13, 3, 0],
							"size": [10, 10, 0],
							"uv": {
								"north": {"uv": [44, 44], "uv_size": [20, 20]},
								"east": {"uv": [0, 0], "uv_size": [0, 10]},
								"south": {"uv": [32, 54], "uv_size": [10, 10]},
								"west": {"uv": [0, 0], "uv_size": [0, 10]},
								"up": {"uv": [10, 0], "uv_size": [-10, 0]},
								"down": {"uv": [10, 0], "uv_size": [-10, 0]}
							}
						}
					]
				},
				{
					"name": "bone3",
					"pivot": [-16, 8, 8],
					"cubes": [
						{
							"origin": [-16, 3, 3],
							"size": [0, 10, 10],
							"uv": {
								"north": {"uv": [0, 0], "uv_size": [0, 10]},
								"east": {"uv": [44, 44], "uv_size": [20, 20]},
								"south": {"uv": [0, 0], "uv_size": [0, 10]},
								"west": {"uv": [32, 54], "uv_size": [10, 10]},
								"up": {"uv": [0, 10], "uv_size": [0, -10]},
								"down": {"uv": [0, 10], "uv_size": [0, -10]}
							}
						}
					]
				},
				{
					"name": "bone4",
					"pivot": [-8, 8, 16],
					"cubes": [
						{
							"origin": [-13, 3, 16],
							"size": [10, 10, 0],
							"uv": {
								"north": {"uv": [32, 54], "uv_size": [10, 10]},
								"east": {"uv": [0, 0], "uv_size": [0, 10]},
								"south": {"uv": [44, 44], "uv_size": [20, 20]},
								"west": {"uv": [0, 0], "uv_size": [0, 10]},
								"up": {"uv": [10, 0], "uv_size": [-10, 0]},
								"down": {"uv": [10, 0], "uv_size": [-10, 0]}
							}
						}
					]
				},
				{
					"name": "bone5",
					"pivot": [-8, 16, 8],
					"cubes": [
						{
							"origin": [-13, 16, 3],
							"size": [10, 0, 10],
							"uv": {
								"north": {"uv": [0, 0], "uv_size": [10, 0]},
								"east": {"uv": [0, 0], "uv_size": [10, 0]},
								"south": {"uv": [0, 0], "uv_size": [10, 0]},
								"west": {"uv": [0, 0], "uv_size": [10, 0]},
								"up": {"uv": [64, 64], "uv_size": [-20, -20]},
								"down": {"uv": [42, 62], "uv_size": [-10, -10]}
							}
						}
					]
				},
				{
					"name": "bone6",
					"pivot": [-8, 0, 8],
					"cubes": [
						{
							"origin": [-13, 0, 3],
							"size": [10, 0, 10],
							"uv": {
								"north": {"uv": [0, 0], "uv_size": [10, 0]},
								"east": {"uv": [0, 0], "uv_size": [10, 0]},
								"south": {"uv": [0, 0], "uv_size": [10, 0]},
								"west": {"uv": [0, 0], "uv_size": [10, 0]},
								"up": {"uv": [40, 62], "uv_size": [-10, -10]},
								"down": {"uv": [64, 64], "uv_size": [-20, -20]}
							}
						}
					]
				}
			]
		}
	]
}