{
  "type": "ars_nouveau:enchanting_apparatus",
  "keepNbtOfReagent": false,
  "output": {
    "item": "ars_artillery:conjuration_turret_crate"
  },
  "pedestalItems": [
    {
      "item": "ars_artillery:conjurationstone"
    },
    {
      "item": "ars_artillery:conjurationstone"
    },
    {
      "item": "ars_artillery:conjurationstone"
    },
    {
      "item": "ars_nouveau:spell_bow"
    }
  ],
  "reagent": [
    {
      "item": "ars_nouveau:imbuement_chamber"
    }
  ],
  "sourceCost": 1000
}