{
	"format_version": "1.12.0",
	"minecraft:geometry": [
		{
			"description": {
				"identifier": "geometry.unknown",
				"texture_width": 32,
				"texture_height": 32,
				"visible_bounds_width": 2,
				"visible_bounds_height": 2.5,
				"visible_bounds_offset": [0, 0.75, 0]
			},
			"bones": [
				{
					"name": "blade",
					"pivot": [-1.005, 5.68, 0.43],
					"cubes": [
						{
							"origin": [-1.17, 8.34, -0.175],
							"size": [0.33, 1.32, 1.32],
							"uv": {
								"north": {"uv": [12, 12], "uv_size": [1, 4]},
								"east": {"uv": [5, 0], "uv_size": [4, 4]},
								"south": {"uv": [13, 0], "uv_size": [1, 4]},
								"west": {"uv": [5, 4], "uv_size": [4, 4]},
								"up": {"uv": [13, 4], "uv_size": [1, 4]},
								"down": {"uv": [10, 17], "uv_size": [1, -4]}
							}
						},
						{
							"origin": [-1.17, 7.02, -0.175],
							"size": [0.33, 1.32, 1.65],
							"uv": {
								"north": {"uv": [11, 13], "uv_size": [1, 4]},
								"east": {"uv": [0, 0], "uv_size": [5, 4]},
								"south": {"uv": [13, 12], "uv_size": [1, 4]},
								"west": {"uv": [0, 4], "uv_size": [5, 4]},
								"up": {"uv": [12, 3], "uv_size": [1, 5]},
								"down": {"uv": [8, 17], "uv_size": [1, -5]}
							}
						},
						{
							"origin": [-1.17, 5.7, -0.175],
							"size": [0.33, 1.32, 0.66],
							"uv": {
								"north": {"uv": [11, 3], "uv_size": [1, 4]},
								"east": {"uv": [8, 8], "uv_size": [2, 4]},
								"south": {"uv": [9, 12], "uv_size": [1, 4]},
								"west": {"uv": [9, 0], "uv_size": [2, 4]},
								"up": {"uv": [2, 14], "uv_size": [1, 2]},
								"down": {"uv": [14, 4], "uv_size": [1, -2]}
							}
						}
					]
				},
				{
					"name": "hilt",
					"parent": "blade",
					"pivot": [-1.005, 10.72, -2.01]
				},
				{
					"name": "hilt1",
					"parent": "hilt",
					"pivot": [-1.005, 10.72, -2.01],
					"cubes": [
						{
							"origin": [-1.335, 3.72, -0.34],
							"size": [0.66, 1.98, 0.66],
							"uv": {
								"north": {"uv": [0, 8], "uv_size": [2, 6]},
								"east": {"uv": [2, 8], "uv_size": [2, 6]},
								"south": {"uv": [4, 8], "uv_size": [2, 6]},
								"west": {"uv": [6, 8], "uv_size": [2, 6]},
								"up": {"uv": [12, 8], "uv_size": [2, 2]},
								"down": {"uv": [12, 12], "uv_size": [2, -2]}
							}
						}
					]
				},
				{
					"name": "hilt2",
					"parent": "hilt",
					"pivot": [-1.5, 20.29, -3],
					"rotation": [-180, 0, 180]
				},
				{
					"name": "hilt3",
					"parent": "hilt",
					"pivot": [-1.5, 20.29, -3],
					"cubes": [
						{
							"origin": [-1.335, 4.71, 0.32],
							"size": [0.66, 0.99, 0.66],
							"uv": {
								"north": {"uv": [9, 4], "uv_size": [2, 3]},
								"east": {"uv": [10, 7], "uv_size": [2, 3]},
								"south": {"uv": [10, 10], "uv_size": [2, 3]},
								"west": {"uv": [11, 0], "uv_size": [2, 3]},
								"up": {"uv": [0, 14], "uv_size": [2, 2]},
								"down": {"uv": [14, 2], "uv_size": [2, -2]}
							}
						}
					]
				},
				{
					"name": "blade2",
					"pivot": [-1.005, 12.68, 3.43],
					"cubes": [
						{
							"origin": [-1.17, 15.34, 2.825],
							"size": [0.33, 1.32, 1.32],
							"uv": {
								"north": {"uv": [12, 12], "uv_size": [1, 4]},
								"east": {"uv": [5, 0], "uv_size": [4, 4]},
								"south": {"uv": [13, 0], "uv_size": [1, 4]},
								"west": {"uv": [5, 4], "uv_size": [4, 4]},
								"up": {"uv": [13, 4], "uv_size": [1, 4]},
								"down": {"uv": [10, 17], "uv_size": [1, -4]}
							}
						},
						{
							"origin": [-1.17, 14.02, 2.825],
							"size": [0.33, 1.32, 1.65],
							"uv": {
								"north": {"uv": [11, 13], "uv_size": [1, 4]},
								"east": {"uv": [0, 0], "uv_size": [5, 4]},
								"south": {"uv": [13, 12], "uv_size": [1, 4]},
								"west": {"uv": [0, 4], "uv_size": [5, 4]},
								"up": {"uv": [12, 3], "uv_size": [1, 5]},
								"down": {"uv": [8, 17], "uv_size": [1, -5]}
							}
						},
						{
							"origin": [-1.17, 12.7, 2.825],
							"size": [0.33, 1.32, 0.66],
							"uv": {
								"north": {"uv": [11, 3], "uv_size": [1, 4]},
								"east": {"uv": [8, 8], "uv_size": [2, 4]},
								"south": {"uv": [9, 12], "uv_size": [1, 4]},
								"west": {"uv": [9, 0], "uv_size": [2, 4]},
								"up": {"uv": [2, 14], "uv_size": [1, 2]},
								"down": {"uv": [14, 4], "uv_size": [1, -2]}
							}
						}
					]
				},
				{
					"name": "hilt4",
					"parent": "blade2",
					"pivot": [-1.005, 10.72, -2.01]
				},
				{
					"name": "hilt5",
					"parent": "hilt4",
					"pivot": [-1.005, 10.72, -2.01],
					"cubes": [
						{
							"origin": [-1.335, 10.72, 2.66],
							"size": [0.66, 1.98, 0.66],
							"uv": {
								"north": {"uv": [0, 8], "uv_size": [2, 6]},
								"east": {"uv": [2, 8], "uv_size": [2, 6]},
								"south": {"uv": [4, 8], "uv_size": [2, 6]},
								"west": {"uv": [6, 8], "uv_size": [2, 6]},
								"up": {"uv": [12, 8], "uv_size": [2, 2]},
								"down": {"uv": [12, 12], "uv_size": [2, -2]}
							}
						}
					]
				},
				{
					"name": "hilt6",
					"parent": "hilt4",
					"pivot": [-1.5, 20.29, -3],
					"rotation": [-180, 0, 180]
				},
				{
					"name": "hilt7",
					"parent": "hilt4",
					"pivot": [-1.5, 20.29, -3],
					"cubes": [
						{
							"origin": [-1.335, 11.71, 3.32],
							"size": [0.66, 0.99, 0.66],
							"uv": {
								"north": {"uv": [9, 4], "uv_size": [2, 3]},
								"east": {"uv": [10, 7], "uv_size": [2, 3]},
								"south": {"uv": [10, 10], "uv_size": [2, 3]},
								"west": {"uv": [11, 0], "uv_size": [2, 3]},
								"up": {"uv": [0, 14], "uv_size": [2, 2]},
								"down": {"uv": [14, 2], "uv_size": [2, -2]}
							}
						}
					]
				},
				{
					"name": "blade3",
					"pivot": [-5.005, 12.68, -1.57],
					"cubes": [
						{
							"origin": [-5.17, 15.34, -2.175],
							"size": [0.33, 1.32, 1.32],
							"uv": {
								"north": {"uv": [12, 12], "uv_size": [1, 4]},
								"east": {"uv": [5, 0], "uv_size": [4, 4]},
								"south": {"uv": [13, 0], "uv_size": [1, 4]},
								"west": {"uv": [5, 4], "uv_size": [4, 4]},
								"up": {"uv": [13, 4], "uv_size": [1, 4]},
								"down": {"uv": [10, 17], "uv_size": [1, -4]}
							}
						},
						{
							"origin": [-5.17, 14.02, -2.175],
							"size": [0.33, 1.32, 1.65],
							"uv": {
								"north": {"uv": [11, 13], "uv_size": [1, 4]},
								"east": {"uv": [0, 0], "uv_size": [5, 4]},
								"south": {"uv": [13, 12], "uv_size": [1, 4]},
								"west": {"uv": [0, 4], "uv_size": [5, 4]},
								"up": {"uv": [12, 3], "uv_size": [1, 5]},
								"down": {"uv": [8, 17], "uv_size": [1, -5]}
							}
						},
						{
							"origin": [-5.17, 12.7, -2.175],
							"size": [0.33, 1.32, 0.66],
							"uv": {
								"north": {"uv": [11, 3], "uv_size": [1, 4]},
								"east": {"uv": [8, 8], "uv_size": [2, 4]},
								"south": {"uv": [9, 12], "uv_size": [1, 4]},
								"west": {"uv": [9, 0], "uv_size": [2, 4]},
								"up": {"uv": [2, 14], "uv_size": [1, 2]},
								"down": {"uv": [14, 4], "uv_size": [1, -2]}
							}
						}
					]
				},
				{
					"name": "hilt8",
					"parent": "blade3",
					"pivot": [-1.005, 10.72, -2.01]
				},
				{
					"name": "hilt9",
					"parent": "hilt8",
					"pivot": [-1.005, 10.72, -2.01],
					"cubes": [
						{
							"origin": [-5.335, 10.72, -2.34],
							"size": [0.66, 1.98, 0.66],
							"uv": {
								"north": {"uv": [0, 8], "uv_size": [2, 6]},
								"east": {"uv": [2, 8], "uv_size": [2, 6]},
								"south": {"uv": [4, 8], "uv_size": [2, 6]},
								"west": {"uv": [6, 8], "uv_size": [2, 6]},
								"up": {"uv": [12, 8], "uv_size": [2, 2]},
								"down": {"uv": [12, 12], "uv_size": [2, -2]}
							}
						}
					]
				},
				{
					"name": "hilt10",
					"parent": "hilt8",
					"pivot": [-1.5, 20.29, -3],
					"rotation": [-180, 0, 180]
				},
				{
					"name": "hilt11",
					"parent": "hilt8",
					"pivot": [-1.5, 20.29, -3],
					"cubes": [
						{
							"origin": [-5.335, 11.71, -1.68],
							"size": [0.66, 0.99, 0.66],
							"uv": {
								"north": {"uv": [9, 4], "uv_size": [2, 3]},
								"east": {"uv": [10, 7], "uv_size": [2, 3]},
								"south": {"uv": [10, 10], "uv_size": [2, 3]},
								"west": {"uv": [11, 0], "uv_size": [2, 3]},
								"up": {"uv": [0, 14], "uv_size": [2, 2]},
								"down": {"uv": [14, 2], "uv_size": [2, -2]}
							}
						}
					]
				},
				{
					"name": "blade4",
					"pivot": [3.995, 6.68, 3.43],
					"cubes": [
						{
							"origin": [3.83, 9.34, 2.825],
							"size": [0.33, 1.32, 1.32],
							"uv": {
								"north": {"uv": [12, 12], "uv_size": [1, 4]},
								"east": {"uv": [5, 0], "uv_size": [4, 4]},
								"south": {"uv": [13, 0], "uv_size": [1, 4]},
								"west": {"uv": [5, 4], "uv_size": [4, 4]},
								"up": {"uv": [13, 4], "uv_size": [1, 4]},
								"down": {"uv": [10, 17], "uv_size": [1, -4]}
							}
						},
						{
							"origin": [3.83, 8.02, 2.825],
							"size": [0.33, 1.32, 1.65],
							"uv": {
								"north": {"uv": [11, 13], "uv_size": [1, 4]},
								"east": {"uv": [0, 0], "uv_size": [5, 4]},
								"south": {"uv": [13, 12], "uv_size": [1, 4]},
								"west": {"uv": [0, 4], "uv_size": [5, 4]},
								"up": {"uv": [12, 3], "uv_size": [1, 5]},
								"down": {"uv": [8, 17], "uv_size": [1, -5]}
							}
						},
						{
							"origin": [3.83, 6.7, 2.825],
							"size": [0.33, 1.32, 0.66],
							"uv": {
								"north": {"uv": [11, 3], "uv_size": [1, 4]},
								"east": {"uv": [8, 8], "uv_size": [2, 4]},
								"south": {"uv": [9, 12], "uv_size": [1, 4]},
								"west": {"uv": [9, 0], "uv_size": [2, 4]},
								"up": {"uv": [2, 14], "uv_size": [1, 2]},
								"down": {"uv": [14, 4], "uv_size": [1, -2]}
							}
						}
					]
				},
				{
					"name": "hilt12",
					"parent": "blade4",
					"pivot": [-1.005, 10.72, -2.01]
				},
				{
					"name": "hilt13",
					"parent": "hilt12",
					"pivot": [-1.005, 10.72, -2.01],
					"cubes": [
						{
							"origin": [3.665, 4.72, 2.66],
							"size": [0.66, 1.98, 0.66],
							"uv": {
								"north": {"uv": [0, 8], "uv_size": [2, 6]},
								"east": {"uv": [2, 8], "uv_size": [2, 6]},
								"south": {"uv": [4, 8], "uv_size": [2, 6]},
								"west": {"uv": [6, 8], "uv_size": [2, 6]},
								"up": {"uv": [12, 8], "uv_size": [2, 2]},
								"down": {"uv": [12, 12], "uv_size": [2, -2]}
							}
						}
					]
				},
				{
					"name": "hilt14",
					"parent": "hilt12",
					"pivot": [-1.5, 20.29, -3],
					"rotation": [-180, 0, 180]
				},
				{
					"name": "hilt15",
					"parent": "hilt12",
					"pivot": [-1.5, 20.29, -3],
					"cubes": [
						{
							"origin": [3.665, 5.71, 3.32],
							"size": [0.66, 0.99, 0.66],
							"uv": {
								"north": {"uv": [9, 4], "uv_size": [2, 3]},
								"east": {"uv": [10, 7], "uv_size": [2, 3]},
								"south": {"uv": [10, 10], "uv_size": [2, 3]},
								"west": {"uv": [11, 0], "uv_size": [2, 3]},
								"up": {"uv": [0, 14], "uv_size": [2, 2]},
								"down": {"uv": [14, 2], "uv_size": [2, -2]}
							}
						}
					]
				},
				{
					"name": "blade5",
					"pivot": [0.995, 4.68, -1.57],
					"cubes": [
						{
							"origin": [0.83, 7.34, -2.175],
							"size": [0.33, 1.32, 1.32],
							"uv": {
								"north": {"uv": [12, 12], "uv_size": [1, 4]},
								"east": {"uv": [5, 0], "uv_size": [4, 4]},
								"south": {"uv": [13, 0], "uv_size": [1, 4]},
								"west": {"uv": [5, 4], "uv_size": [4, 4]},
								"up": {"uv": [13, 4], "uv_size": [1, 4]},
								"down": {"uv": [10, 17], "uv_size": [1, -4]}
							}
						},
						{
							"origin": [0.83, 6.02, -2.175],
							"size": [0.33, 1.32, 1.65],
							"uv": {
								"north": {"uv": [11, 13], "uv_size": [1, 4]},
								"east": {"uv": [0, 0], "uv_size": [5, 4]},
								"south": {"uv": [13, 12], "uv_size": [1, 4]},
								"west": {"uv": [0, 4], "uv_size": [5, 4]},
								"up": {"uv": [12, 3], "uv_size": [1, 5]},
								"down": {"uv": [8, 17], "uv_size": [1, -5]}
							}
						},
						{
							"origin": [0.83, 4.7, -2.175],
							"size": [0.33, 1.32, 0.66],
							"uv": {
								"north": {"uv": [11, 3], "uv_size": [1, 4]},
								"east": {"uv": [8, 8], "uv_size": [2, 4]},
								"south": {"uv": [9, 12], "uv_size": [1, 4]},
								"west": {"uv": [9, 0], "uv_size": [2, 4]},
								"up": {"uv": [2, 14], "uv_size": [1, 2]},
								"down": {"uv": [14, 4], "uv_size": [1, -2]}
							}
						}
					]
				},
				{
					"name": "hilt16",
					"parent": "blade5",
					"pivot": [-1.005, 10.72, -2.01]
				},
				{
					"name": "hilt17",
					"parent": "hilt16",
					"pivot": [-1.005, 10.72, -2.01],
					"cubes": [
						{
							"origin": [0.665, 2.72, -2.34],
							"size": [0.66, 1.98, 0.66],
							"uv": {
								"north": {"uv": [0, 8], "uv_size": [2, 6]},
								"east": {"uv": [2, 8], "uv_size": [2, 6]},
								"south": {"uv": [4, 8], "uv_size": [2, 6]},
								"west": {"uv": [6, 8], "uv_size": [2, 6]},
								"up": {"uv": [12, 8], "uv_size": [2, 2]},
								"down": {"uv": [12, 12], "uv_size": [2, -2]}
							}
						}
					]
				},
				{
					"name": "hilt18",
					"parent": "hilt16",
					"pivot": [-1.5, 20.29, -3],
					"rotation": [-180, 0, 180]
				},
				{
					"name": "hilt19",
					"parent": "hilt16",
					"pivot": [-1.5, 20.29, -3],
					"cubes": [
						{
							"origin": [0.665, 3.71, -1.68],
							"size": [0.66, 0.99, 0.66],
							"uv": {
								"north": {"uv": [9, 4], "uv_size": [2, 3]},
								"east": {"uv": [10, 7], "uv_size": [2, 3]},
								"south": {"uv": [10, 10], "uv_size": [2, 3]},
								"west": {"uv": [11, 0], "uv_size": [2, 3]},
								"up": {"uv": [0, 14], "uv_size": [2, 2]},
								"down": {"uv": [14, 2], "uv_size": [2, -2]}
							}
						}
					]
				},
				{
					"name": "blade6",
					"pivot": [-1.005, 12.68, -1.57],
					"cubes": [
						{
							"origin": [-1.17, 15.34, -2.175],
							"size": [0.33, 1.32, 1.32],
							"uv": {
								"north": {"uv": [12, 12], "uv_size": [1, 4]},
								"east": {"uv": [5, 0], "uv_size": [4, 4]},
								"south": {"uv": [13, 0], "uv_size": [1, 4]},
								"west": {"uv": [5, 4], "uv_size": [4, 4]},
								"up": {"uv": [13, 4], "uv_size": [1, 4]},
								"down": {"uv": [10, 17], "uv_size": [1, -4]}
							}
						},
						{
							"origin": [-1.17, 14.02, -2.175],
							"size": [0.33, 1.32, 1.65],
							"uv": {
								"north": {"uv": [11, 13], "uv_size": [1, 4]},
								"east": {"uv": [0, 0], "uv_size": [5, 4]},
								"south": {"uv": [13, 12], "uv_size": [1, 4]},
								"west": {"uv": [0, 4], "uv_size": [5, 4]},
								"up": {"uv": [12, 3], "uv_size": [1, 5]},
								"down": {"uv": [8, 17], "uv_size": [1, -5]}
							}
						},
						{
							"origin": [-1.17, 12.7, -2.175],
							"size": [0.33, 1.32, 0.66],
							"uv": {
								"north": {"uv": [11, 3], "uv_size": [1, 4]},
								"east": {"uv": [8, 8], "uv_size": [2, 4]},
								"south": {"uv": [9, 12], "uv_size": [1, 4]},
								"west": {"uv": [9, 0], "uv_size": [2, 4]},
								"up": {"uv": [2, 14], "uv_size": [1, 2]},
								"down": {"uv": [14, 4], "uv_size": [1, -2]}
							}
						}
					]
				},
				{
					"name": "hilt20",
					"parent": "blade6",
					"pivot": [-1.005, 10.72, -2.01]
				},
				{
					"name": "hilt21",
					"parent": "hilt20",
					"pivot": [-1.005, 10.72, -2.01],
					"cubes": [
						{
							"origin": [-1.335, 10.72, -2.34],
							"size": [0.66, 1.98, 0.66],
							"uv": {
								"north": {"uv": [0, 8], "uv_size": [2, 6]},
								"east": {"uv": [2, 8], "uv_size": [2, 6]},
								"south": {"uv": [4, 8], "uv_size": [2, 6]},
								"west": {"uv": [6, 8], "uv_size": [2, 6]},
								"up": {"uv": [12, 8], "uv_size": [2, 2]},
								"down": {"uv": [12, 12], "uv_size": [2, -2]}
							}
						}
					]
				},
				{
					"name": "hilt22",
					"parent": "hilt20",
					"pivot": [-1.5, 20.29, -3],
					"rotation": [-180, 0, 180]
				},
				{
					"name": "hilt23",
					"parent": "hilt20",
					"pivot": [-1.5, 20.29, -3],
					"cubes": [
						{
							"origin": [-1.335, 11.71, -1.68],
							"size": [0.66, 0.99, 0.66],
							"uv": {
								"north": {"uv": [9, 4], "uv_size": [2, 3]},
								"east": {"uv": [10, 7], "uv_size": [2, 3]},
								"south": {"uv": [10, 10], "uv_size": [2, 3]},
								"west": {"uv": [11, 0], "uv_size": [2, 3]},
								"up": {"uv": [0, 14], "uv_size": [2, 2]},
								"down": {"uv": [14, 2], "uv_size": [2, -2]}
							}
						}
					]
				},
				{
					"name": "cloud1",
					"pivot": [0, 8, 0],
					"cubes": [
						{
							"origin": [-6, 0, -6],
							"size": [12, 16, 12],
							"uv": {
								"north": {"uv": [20, 0], "uv_size": [12, 16]},
								"east": {"uv": [20, 0], "uv_size": [12, 16]},
								"south": {"uv": [20, 0], "uv_size": [12, 16]},
								"west": {"uv": [20, 0], "uv_size": [12, 16]},
								"up": {"uv": [32, 32], "uv_size": [-12, -12]},
								"down": {"uv": [32, 32], "uv_size": [-12, -12]}
							}
						}
					]
				}
			]
		}
	]
}