{
	"format_version": "1.8.0",
	"animations": {
		"spin": {
			"loop": true,
			"animation_length": 0.75,
			"bones": {
				"blade": {
					"rotation": {
						"0.0": {
							"vector": [180, 0, 0]
						},
						"0.75": {
							"vector": [540, 0, 0]
						}
					}
				},
				"blade2": {
					"rotation": {
						"0.0": {
							"vector": [120, 270, 0]
						},
						"0.75": {
							"vector": [480, 630, 0]
						}
					},
					"position": {
						"0.0": {
							"post": {
								"vector": [0, 0, 0]
							},
							"lerp_mode": "catmullrom"
						},
						"0.125": {
							"post": {
								"vector": [6, -10, -7]
							},
							"lerp_mode": "catmullrom"
						},
						"0.25": {
							"post": {
								"vector": [-4, -10, 0]
							},
							"lerp_mode": "catmullrom"
						},
						"0.375": {
							"post": {
								"vector": [5, -10, 3]
							},
							"lerp_mode": "catmullrom"
						},
						"0.5": {
							"post": {
								"vector": [-3, 0, -8]
							},
							"lerp_mode": "catmullrom"
						},
						"0.625": {
							"post": {
								"vector": [-3, 0, 3]
							},
							"lerp_mode": "catmullrom"
						},
						"0.75": {
							"post": {
								"vector": [0, 0, 0]
							},
							"lerp_mode": "catmullrom"
						}
					}
				},
				"blade3": {
					"rotation": {
						"0.0": {
							"vector": [60, 180, 0]
						},
						"0.75": {
							"vector": [420, 540, 0]
						}
					},
					"position": {
						"0.0": {
							"post": {
								"vector": [0, 0, 0]
							},
							"lerp_mode": "catmullrom"
						},
						"0.25": {
							"post": {
								"vector": [7, -4, 3]
							},
							"lerp_mode": "catmullrom"
						},
						"0.5": {
							"post": {
								"vector": [9, -8, -2]
							},
							"lerp_mode": "catmullrom"
						},
						"0.75": {
							"post": {
								"vector": [0, 0, 0]
							},
							"lerp_mode": "catmullrom"
						}
					}
				},
				"blade4": {
					"rotation": {
						"0.0": {
							"vector": [0, 0, 0]
						},
						"0.75": {
							"vector": [360, 360, 0]
						}
					},
					"position": {
						"0.0": {
							"post": {
								"vector": [2, 0, -4]
							},
							"lerp_mode": "catmullrom"
						},
						"0.25": {
							"post": {
								"vector": [-8, 2, -4]
							},
							"lerp_mode": "catmullrom"
						},
						"0.5": {
							"post": {
								"vector": [-3, 1, 4]
							},
							"lerp_mode": "catmullrom"
						},
						"0.75": {
							"post": {
								"vector": [2, 0, -4]
							},
							"lerp_mode": "catmullrom"
						}
					}
				},
				"blade5": {
					"rotation": {
						"0.0": {
							"vector": [30, 90, 0]
						},
						"0.75": {
							"vector": [390, 450, 0]
						}
					},
					"position": {
						"0.0": {
							"post": {
								"vector": [2, 0, -4]
							},
							"lerp_mode": "catmullrom"
						},
						"0.25": {
							"post": {
								"vector": [-5, 0, 0]
							},
							"lerp_mode": "catmullrom"
						},
						"0.5": {
							"post": {
								"vector": [-1.5, 0, 6]
							},
							"lerp_mode": "catmullrom"
						},
						"0.75": {
							"post": {
								"vector": [2, 0, -4]
							},
							"lerp_mode": "catmullrom"
						}
					}
				},
				"blade6": {
					"rotation": {
						"0.0": {
							"vector": [0, 90, 0]
						},
						"0.75": {
							"vector": [360, 0, 0]
						}
					},
					"position": {
						"0.0": {
							"post": {
								"vector": [0, 0, 0]
							},
							"lerp_mode": "catmullrom"
						},
						"0.25": {
							"post": {
								"vector": [-7, -6, 7]
							},
							"lerp_mode": "catmullrom"
						},
						"0.5": {
							"post": {
								"vector": [-2, -8, 7]
							},
							"lerp_mode": "catmullrom"
						},
						"0.75": {
							"post": {
								"vector": [0, 0, 0]
							},
							"lerp_mode": "catmullrom"
						}
					}
				},
				"cloud1": {
					"rotation": {
						"0.0": {
							"vector": [0, 0, 0]
						},
						"0.75": {
							"vector": [0, 360, 0]
						}
					}
				}
			}
		}
	},
	"geckolib_format_version": 2
}