{
	"format_version": "1.8.0",
	"animations": {
		"0": {
			"loop": true,
			"animation_length": 2,
			"loop_delay": "0",
			"bones": {
				"bone": {
					"scale": {
						"0.0": {
							"vector": [1, 1, 1]
						},
						"1.0": {
							"vector": [0.98, 0.98, 0.98]
						},
						"2.0": {
							"vector": [1, 1, 1]
						}
					}
				},
				"bone2": {
					"scale": {
						"0.0": {
							"vector": [1, 1, 1]
						},
						"1.0": {
							"vector": [0.98, 0.98, 0.98]
						},
						"2.0": {
							"vector": [1, 1, 1]
						}
					}
				},
				"bone3": {
					"scale": {
						"0.0": {
							"vector": [1, 1, 1]
						},
						"1.0": {
							"vector": [0.98, 0.98, 0.98]
						},
						"2.0": {
							"vector": [1, 1, 1]
						}
					}
				},
				"bone4": {
					"scale": {
						"0.0": {
							"vector": [1, 1, 1]
						},
						"1.0": {
							"vector": [0.98, 0.98, 0.98]
						},
						"2.0": {
							"vector": [1, 1, 1]
						}
					}
				},
				"bone5": {
					"scale": {
						"0.0": {
							"vector": [1, 1, 1]
						},
						"1.0": {
							"vector": [0.98, 0.98, 0.98]
						},
						"2.0": {
							"vector": [1, 1, 1]
						}
					}
				},
				"bone6": {
					"scale": {
						"0.0": {
							"vector": [1, 1, 1]
						},
						"1.0": {
							"vector": [0.98, 0.98, 0.98]
						},
						"2.0": {
							"vector": [1, 1, 1]
						}
					}
				}
			}
		}
	},
	"geckolib_format_version": 2
}