{
	"format_version": "1.8.0",
	"animations": {
		"float": {
			"loop": true,
			"animation_length": 3,
			"bones": {
				"cage": {
					"position": [0, "math.cos(query.anim_time * 115) * 0.5", 0]
				},
				"ring": {
					"rotation": {
						"0.0": [0, 0, 0],
						"3.0": [0, 720, 0]
					}
				},
				"emblem": {
					"rotation": {
						"0.0": [0, 0, 0],
						"3.0": [0, 360, 0]
					}
				},
				"ring2": {
					"rotation": {
						"0.0": [0, 0, 0],
						"3.0": [0, 0, 720]
					}
				},
				"ring3": {
					"rotation": {
						"0.0": [0, 0, 0],
						"3.0": [720, 0, 0]
					}
				}
			}
		}
	}
}