{
  "_fv": 66,
  "_type": "animatedentity",
  "definition": {
    "mobName": "Abjuration Turret Tier 3",
    "mobLabel": "",
    "mobModelTexture": "abjuration_turret.png",
    "mobModelGlowTexture": "",
    "visualScale": {
      "fixedValue": 1.0
    },
    "boundingBoxScale": {
      "fixedValue": 1.0
    },
    "entityDataEntries": [],
    "modelWidth": 0.6,
    "modelHeight": 1.0,
    "modelShadowSize": 0.5,
    "mountedYOffset": 0.0,
    "stepHeight": 0.6,
    "hasSpawnEgg": false,
    "spawnEggBaseColor": {
      "value": -6710887,
      "falpha": 0.0
    },
    "spawnEggDotColor": {
      "value": -39169,
      "falpha": 0.0
    },
    "creativeTab": {
      "value": "MISC"
    },
    "isBoss": false,
    "bossBarColor": "PINK",
    "bossBarType": "PROGRESS",
    "equipmentMainHand": {
      "value": ""
    },
    "equipmentOffHand": {
      "value": ""
    },
    "equipmentHelmet": {
      "value": ""
    },
    "equipmentBody": {
      "value": ""
    },
    "equipmentLeggings": {
      "value": ""
    },
    "equipmentBoots": {
      "value": ""
    },
    "mobBehaviourType": "Mob",
    "mobCreatureType": "UNDEFINED",
    "attackStrength": 0,
    "attackKnockback": 0.0,
    "knockbackResistance": 5.0,
    "movementSpeed": 0.0,
    "armorBaseValue": 0.0,
    "trackingRange": 64,
    "followRange": 16,
    "health": 20,
    "xpAmount": 0,
    "waterMob": false,
    "flyingMob": false,
    "guiBoundTo": "<NONE>",
    "inventorySize": 9,
    "inventoryStackSize": 64,
    "deathTime": 20,
    "lerp": 4,
    "disableCollisions": false,
    "ridable": false,
    "canControlForward": false,
    "canControlStrafe": false,
    "immuneToFire": false,
    "immuneToArrows": false,
    "immuneToFallDamage": false,
    "immuneToCactus": false,
    "immuneToDrowning": true,
    "immuneToLightning": false,
    "immuneToPotions": false,
    "immuneToPlayer": false,
    "immuneToExplosion": false,
    "immuneToTrident": false,
    "immuneToAnvil": false,
    "immuneToWither": true,
    "immuneToDragonBreath": false,
    "mobDrop": {
      "value": "CUSTOM:TurretScrap"
    },
    "livingSound": {
      "value": ""
    },
    "hurtSound": {
      "value": "entity.generic.hurt"
    },
    "deathSound": {
      "value": "entity.generic.death"
    },
    "stepSound": {
      "value": ""
    },
    "raidCelebrationSound": {
      "value": ""
    },
    "onMobTickUpdate": {
      "name": "AbjurationAura"
    },
    "hasAI": true,
    "aiBase": "(none)",
    "aixml": "<xml xmlns=\"https://developers.google.com/blockly/xml\"><block type=\"aitasks_container\" deletable=\"false\" x=\"40\" y=\"40\"><next><block type=\"look_around\"><field name=\"condition\">null,null</field></block></next></block></xml>",
    "model": "turret3.geo.json",
    "groupName": "",
    "animation1": "float",
    "animation2": "",
    "animation3": "",
    "animation4": "",
    "animation5": "",
    "animation6": "",
    "animation7": "",
    "animation8": "",
    "animation9": "",
    "animation10": "",
    "enable2": false,
    "enable3": false,
    "enable4": false,
    "enable5": false,
    "enable6": false,
    "enable7": false,
    "enable8": false,
    "enable9": false,
    "enable10": false,
    "breedable": true,
    "tameable": false,
    "disableDeathRotation": false,
    "headMovement": false,
    "eyeHeight": false,
    "breedTriggerItems": [],
    "ranged": false,
    "rangedAttackItem": {
      "value": ""
    },
    "rangedItemType": "Default item",
    "rangedAttackInterval": 20,
    "rangedAttackRadius": 10.0,
    "height": 1.0,
    "raidSpawnsCount": [
      4,
      3,
      3,
      4,
      4,
      4,
      2
    ],
    "spawnThisMob": false,
    "doesDespawnWhenIdle": false,
    "spawningProbability": 20,
    "mobSpawningType": "monster",
    "minNumberOfMobsPerGroup": 4,
    "maxNumberOfMobsPerGroup": 4,
    "restrictionBiomes": [],
    "spawnInDungeons": false
  }
}