{
  "_fv": 66,
  "_type": "projectile",
  "definition": {
    "projectileItem": {
      "value": "Items.DYE#14"
    },
    "showParticles": false,
    "actionSound": {
      "value": "entity.arrow.shoot"
    },
    "igniteFire": false,
    "power": 1.0,
    "damage": 0.0,
    "knockback": 0,
    "entityModel": "Default",
    "customModelTexture": "",
    "onHitsBlock": {
      "name": "ConjurationShotProjectileHitsLivingEntity"
    },
    "onHitsEntity": {
      "name": "ConjurationShotProjectileHitsLivingEntity"
    }
  }
}